id,home_team_win
0,True
1,False
2,True
3,True
4,False
5,True
6,True
7,False
8,True
9,True
10,True
11,True
12,True
13,True
14,False
15,False
16,True
17,True
18,True
19,True
20,True
21,False
22,True
23,True
24,False
25,True
26,False
27,True
28,True
29,True
30,True
31,False
32,True
33,True
34,True
35,False
36,True
37,True
38,False
39,True
40,True
41,True
42,False
43,True
44,True
45,False
46,True
47,True
48,True
49,True
50,True
51,True
52,False
53,True
54,True
55,True
56,True
57,True
58,False
59,True
60,False
61,True
62,True
63,True
64,False
65,True
66,False
67,True
68,True
69,True
70,True
71,True
72,True
73,False
74,False
75,False
76,True
77,True
78,True
79,True
80,False
81,True
82,True
83,True
84,False
85,True
86,True
87,True
88,True
89,True
90,True
91,False
92,False
93,True
94,False
95,False
96,False
97,True
98,True
99,True
100,True
101,True
102,False
103,True
104,True
105,True
106,True
107,True
108,False
109,False
110,True
111,True
112,True
113,False
114,False
115,False
116,True
117,False
118,True
119,True
120,True
121,False
122,True
123,False
124,True
125,True
126,False
127,False
128,True
129,False
130,False
131,True
132,False
133,True
134,True
135,True
136,True
137,True
138,True
139,False
140,True
141,True
142,True
143,True
144,True
145,True
146,True
147,False
148,False
149,False
150,False
151,True
152,True
153,False
154,True
155,True
156,False
157,True
158,True
159,True
160,True
161,True
162,False
163,True
164,False
165,False
166,True
167,True
168,True
169,True
170,True
171,True
172,True
173,True
174,False
175,True
176,True
177,False
178,True
179,True
180,True
181,False
182,True
183,True
184,True
185,True
186,False
187,True
188,True
189,True
190,True
191,True
192,True
193,True
194,True
195,False
196,True
197,True
198,False
199,False
200,False
201,True
202,False
203,True
204,True
205,True
206,False
207,True
208,False
209,False
210,False
211,True
212,False
213,True
214,True
215,True
216,True
217,False
218,False
219,True
220,False
221,True
222,False
223,True
224,False
225,True
226,False
227,True
228,True
229,False
230,True
231,True
232,True
233,True
234,False
235,True
236,True
237,True
238,False
239,True
240,True
241,True
242,False
243,True
244,True
245,True
246,True
247,True
248,True
249,True
250,True
251,False
252,False
253,False
254,True
255,True
256,False
257,True
258,True
259,False
260,True
261,True
262,True
263,False
264,False
265,True
266,True
267,True
268,True
269,True
270,True
271,True
272,True
273,True
274,True
275,False
276,False
277,True
278,False
279,True
280,False
281,True
282,True
283,True
284,True
285,False
286,True
287,True
288,False
289,True
290,True
291,True
292,False
293,False
294,True
295,True
296,True
297,True
298,True
299,True
300,True
301,True
302,True
303,False
304,True
305,True
306,True
307,False
308,True
309,False
310,False
311,False
312,False
313,True
314,True
315,True
316,True
317,True
318,True
319,True
320,True
321,True
322,True
323,False
324,True
325,True
326,False
327,False
328,False
329,True
330,False
331,True
332,True
333,True
334,False
335,True
336,True
337,True
338,True
339,True
340,True
341,True
342,True
343,True
344,True
345,True
346,True
347,True
348,True
349,True
350,True
351,True
352,True
353,False
354,True
355,True
356,False
357,False
358,True
359,True
360,True
361,False
362,False
363,True
364,True
365,True
366,False
367,False
368,False
369,True
370,True
371,False
372,False
373,False
374,False
375,True
376,True
377,True
378,True
379,True
380,False
381,True
382,False
383,True
384,True
385,False
386,True
387,True
388,True
389,True
390,True
391,True
392,True
393,True
394,True
395,True
396,True
397,False
398,True
399,True
400,True
401,True
402,False
403,True
404,True
405,True
406,False
407,True
408,True
409,True
410,True
411,False
412,True
413,False
414,True
415,False
416,False
417,True
418,True
419,False
420,True
421,True
422,True
423,True
424,True
425,True
426,True
427,False
428,True
429,True
430,False
431,True
432,False
433,False
434,True
435,False
436,False
437,True
438,True
439,True
440,False
441,True
442,False
443,False
444,False
445,True
446,True
447,True
448,True
449,True
450,True
451,True
452,True
453,True
454,True
455,True
456,True
457,True
458,True
459,True
460,True
461,True
462,True
463,True
464,True
465,True
466,True
467,False
468,True
469,True
470,True
471,True
472,True
473,False
474,False
475,True
476,False
477,False
478,True
479,True
480,True
481,False
482,True
483,False
484,False
485,True
486,True
487,True
488,True
489,False
490,False
491,False
492,True
493,True
494,True
495,False
496,True
497,True
498,False
499,True
500,True
501,True
502,True
503,False
504,False
505,False
506,True
507,False
508,True
509,True
510,True
511,False
512,False
513,True
514,True
515,True
516,True
517,False
518,True
519,True
520,True
521,False
522,True
523,True
524,False
525,True
526,True
527,True
528,False
529,True
530,True
531,True
532,True
533,True
534,False
535,False
536,False
537,True
538,True
539,True
540,True
541,True
542,True
543,False
544,True
545,True
546,False
547,False
548,True
549,False
550,True
551,True
552,True
553,True
554,False
555,False
556,False
557,True
558,False
559,False
560,False
561,False
562,True
563,True
564,True
565,True
566,True
567,False
568,True
569,True
570,True
571,True
572,False
573,True
574,True
575,False
576,True
577,False
578,True
579,True
580,False
581,True
582,True
583,True
584,True
585,True
586,True
587,False
588,False
589,True
590,True
591,False
592,True
593,False
594,False
595,True
596,True
597,True
598,False
599,False
600,True
601,True
602,True
603,True
604,True
605,False
606,False
607,True
608,True
609,False
610,True
611,True
612,True
613,False
614,True
615,True
616,True
617,True
618,False
619,True
620,True
621,False
622,True
623,True
624,True
625,True
626,True
627,True
628,True
629,True
630,False
631,True
632,True
633,True
634,False
635,False
636,True
637,True
638,True
639,True
640,True
641,True
642,True
643,True
644,False
645,True
646,True
647,False
648,True
649,True
650,True
651,True
652,True
653,False
654,False
655,True
656,True
657,True
658,True
659,False
660,False
661,True
662,True
663,False
664,True
665,True
666,True
667,True
668,True
669,False
670,True
671,True
672,True
673,True
674,True
675,False
676,False
677,False
678,True
679,True
680,True
681,False
682,True
683,True
684,True
685,True
686,False
687,True
688,True
689,True
690,False
691,False
692,True
693,False
694,False
695,True
696,False
697,True
698,False
699,True
700,True
701,True
702,True
703,True
704,False
705,True
706,True
707,True
708,True
709,True
710,True
711,False
712,False
713,True
714,True
715,True
716,False
717,True
718,True
719,True
720,True
721,True
722,True
723,True
724,False
725,True
726,True
727,False
728,True
729,True
730,True
731,True
732,True
733,False
734,True
735,True
736,False
737,True
738,True
739,False
740,False
741,True
742,False
743,True
744,True
745,True
746,False
747,False
748,True
749,True
750,True
751,False
752,True
753,True
754,True
755,False
756,True
757,True
758,True
759,True
760,True
761,False
762,False
763,True
764,True
765,False
766,False
767,False
768,True
769,True
770,True
771,False
772,False
773,False
774,False
775,True
776,True
777,True
778,True
779,False
780,False
781,False
782,True
783,True
784,True
785,True
786,False
787,True
788,True
789,True
790,True
791,True
792,False
793,True
794,False
795,True
796,True
797,True
798,True
799,True
800,False
801,True
802,True
803,False
804,True
805,True
806,True
807,True
808,True
809,True
810,True
811,True
812,True
813,False
814,False
815,False
816,True
817,True
818,True
819,True
820,False
821,True
822,False
823,False
824,True
825,True
826,True
827,False
828,False
829,False
830,True
831,False
832,True
833,True
834,False
835,True
836,True
837,True
838,True
839,True
840,True
841,False
842,False
843,True
844,True
845,True
846,True
847,True
848,True
849,True
850,True
851,True
852,True
853,False
854,True
855,True
856,True
857,True
858,True
859,True
860,True
861,False
862,True
863,True
864,True
865,True
866,False
867,True
868,False
869,False
870,False
871,True
872,False
873,False
874,True
875,False
876,True
877,False
878,True
879,True
880,False
881,True
882,True
883,False
884,False
885,False
886,False
887,True
888,False
889,True
890,True
891,True
892,True
893,False
894,True
895,True
896,True
897,True
898,False
899,True
900,True
901,True
902,True
903,True
904,False
905,False
906,False
907,True
908,True
909,True
910,True
911,True
912,True
913,True
914,True
915,True
916,False
917,False
918,False
919,True
920,True
921,True
922,False
923,True
924,True
925,True
926,True
927,True
928,False
929,False
930,True
931,False
932,False
933,False
934,True
935,True
936,True
937,False
938,True
939,True
940,True
941,True
942,True
943,True
944,False
945,True
946,True
947,True
948,True
949,False
950,True
951,False
952,True
953,False
954,False
955,False
956,True
957,True
958,True
959,True
960,False
961,True
962,False
963,True
964,True
965,True
966,True
967,False
968,False
969,True
970,True
971,True
972,True
973,True
974,False
975,True
976,True
977,False
978,True
979,False
980,True
981,True
982,True
983,False
984,True
985,True
986,True
987,False
988,False
989,True
990,True
991,True
992,True
993,True
994,False
995,True
996,True
997,False
998,False
999,True
1000,True
1001,False
1002,False
1003,True
1004,True
1005,False
1006,True
1007,False
1008,True
1009,True
1010,True
1011,False
1012,True
1013,False
1014,True
1015,False
1016,True
1017,True
1018,True
1019,False
1020,False
1021,True
1022,False
1023,False
1024,True
1025,True
1026,True
1027,True
1028,True
1029,False
1030,False
1031,True
1032,False
1033,True
1034,False
1035,False
1036,False
1037,True
1038,True
1039,False
1040,False
1041,False
1042,False
1043,True
1044,True
1045,True
1046,True
1047,True
1048,False
1049,False
1050,True
1051,False
1052,True
1053,True
1054,False
1055,True
1056,True
1057,False
1058,False
1059,True
1060,False
1061,True
1062,False
1063,True
1064,True
1065,True
1066,True
1067,False
1068,True
1069,True
1070,False
1071,True
1072,True
1073,True
1074,True
1075,True
1076,False
1077,True
1078,True
1079,True
1080,True
1081,True
1082,False
1083,False
1084,False
1085,True
1086,False
1087,False
1088,True
1089,False
1090,True
1091,False
1092,False
1093,True
1094,False
1095,True
1096,True
1097,True
1098,True
1099,True
1100,True
1101,True
1102,False
1103,True
1104,True
1105,False
1106,True
1107,True
1108,True
1109,True
1110,True
1111,True
1112,True
1113,True
1114,True
1115,True
1116,True
1117,True
1118,False
1119,False
1120,True
1121,True
1122,True
1123,True
1124,True
1125,False
1126,True
1127,True
1128,False
1129,True
1130,True
1131,True
1132,False
1133,True
1134,True
1135,False
1136,True
1137,True
1138,True
1139,False
1140,True
1141,True
1142,True
1143,True
1144,True
1145,False
1146,True
1147,False
1148,True
1149,True
1150,True
1151,False
1152,False
1153,True
1154,True
1155,False
1156,False
1157,True
1158,False
1159,False
1160,True
1161,True
1162,False
1163,True
1164,False
1165,False
1166,True
1167,False
1168,True
1169,False
1170,True
1171,False
1172,False
1173,True
1174,False
1175,False
1176,True
1177,True
1178,False
1179,True
1180,True
1181,False
1182,True
1183,True
1184,True
1185,True
1186,True
1187,True
1188,False
1189,False
1190,False
1191,False
1192,True
1193,True
1194,False
1195,True
1196,False
1197,False
1198,True
1199,True
1200,True
1201,False
1202,True
1203,True
1204,True
1205,True
1206,True
1207,True
1208,True
1209,True
1210,True
1211,True
1212,True
1213,True
1214,False
1215,False
1216,False
1217,True
1218,True
1219,True
1220,False
1221,False
1222,True
1223,False
1224,False
1225,True
1226,True
1227,False
1228,True
1229,False
1230,True
1231,False
1232,True
1233,True
1234,False
1235,False
1236,True
1237,True
1238,True
1239,True
1240,False
1241,True
1242,False
1243,False
1244,False
1245,False
1246,False
1247,True
1248,True
1249,True
1250,True
1251,True
1252,False
1253,False
1254,True
1255,False
1256,False
1257,False
1258,True
1259,True
1260,True
1261,True
1262,True
1263,False
1264,False
1265,True
1266,True
1267,True
1268,True
1269,False
1270,True
1271,False
1272,False
1273,True
1274,True
1275,True
1276,False
1277,True
1278,False
1279,True
1280,False
1281,True
1282,True
1283,False
1284,False
1285,False
1286,True
1287,True
1288,True
1289,False
1290,True
1291,False
1292,True
1293,False
1294,True
1295,True
1296,True
1297,True
1298,True
1299,True
1300,True
1301,True
1302,True
1303,True
1304,True
1305,False
1306,True
1307,True
1308,True
1309,True
1310,True
1311,True
1312,True
1313,True
1314,True
1315,True
1316,True
1317,True
1318,False
1319,False
1320,True
1321,False
1322,True
1323,True
1324,True
1325,True
1326,True
1327,False
1328,True
1329,True
1330,True
1331,True
1332,True
1333,True
1334,True
1335,True
1336,True
1337,False
1338,True
1339,True
1340,True
1341,False
1342,False
1343,True
1344,False
1345,True
1346,True
1347,True
1348,True
1349,True
1350,True
1351,True
1352,False
1353,True
1354,True
1355,False
1356,True
1357,True
1358,False
1359,False
1360,False
1361,False
1362,True
1363,True
1364,True
1365,False
1366,True
1367,False
1368,True
1369,False
1370,True
1371,False
1372,True
1373,True
1374,False
1375,True
1376,False
1377,False
1378,False
1379,True
1380,False
1381,False
1382,True
1383,True
1384,False
1385,True
1386,True
1387,False
1388,False
1389,False
1390,True
1391,True
1392,True
1393,True
1394,True
1395,False
1396,False
1397,True
1398,True
1399,True
1400,False
1401,False
1402,True
1403,True
1404,False
1405,True
1406,True
1407,False
1408,True
1409,True
1410,False
1411,True
1412,False
1413,True
1414,False
1415,True
1416,False
1417,True
1418,True
1419,True
1420,False
1421,True
1422,False
1423,True
1424,True
1425,True
1426,True
1427,False
1428,True
1429,False
1430,True
1431,False
1432,False
1433,True
1434,True
1435,True
1436,True
1437,True
1438,False
1439,True
1440,True
1441,True
1442,False
1443,False
1444,True
1445,False
1446,True
1447,True
1448,False
1449,True
1450,True
1451,False
1452,True
1453,False
1454,False
1455,True
1456,True
1457,True
1458,False
1459,True
1460,True
1461,False
1462,False
1463,True
1464,True
1465,False
1466,True
1467,True
1468,True
1469,True
1470,False
1471,True
1472,False
1473,False
1474,True
1475,True
1476,True
1477,True
1478,True
1479,True
1480,True
1481,True
1482,False
1483,True
1484,True
1485,False
1486,True
1487,True
1488,False
1489,True
1490,True
1491,False
1492,True
1493,False
1494,True
1495,True
1496,True
1497,True
1498,True
1499,True
1500,True
1501,False
1502,False
1503,True
1504,True
1505,True
1506,True
1507,True
1508,True
1509,False
1510,False
1511,True
1512,True
1513,False
1514,True
1515,True
1516,False
1517,True
1518,True
1519,True
1520,True
1521,False
1522,True
1523,False
1524,False
1525,True
1526,True
1527,True
1528,True
1529,True
1530,False
1531,True
1532,True
1533,True
1534,True
1535,True
1536,False
1537,False
1538,True
1539,False
1540,False
1541,True
1542,True
1543,True
1544,False
1545,False
1546,True
1547,True
1548,True
1549,True
1550,True
1551,True
1552,False
1553,True
1554,False
1555,False
1556,True
1557,True
1558,True
1559,True
1560,True
1561,True
1562,True
1563,False
1564,True
1565,True
1566,False
1567,True
1568,True
1569,False
1570,False
1571,True
1572,True
1573,False
1574,True
1575,False
1576,True
1577,False
1578,False
1579,False
1580,True
1581,True
1582,False
1583,True
1584,True
1585,False
1586,True
1587,True
1588,False
1589,True
1590,False
1591,True
1592,True
1593,False
1594,True
1595,False
1596,True
1597,True
1598,True
1599,False
1600,False
1601,True
1602,True
1603,True
1604,False
1605,True
1606,False
1607,True
1608,False
1609,True
1610,True
1611,True
1612,True
1613,False
1614,True
1615,True
1616,True
1617,False
1618,True
1619,False
1620,False
1621,False
1622,False
1623,True
1624,True
1625,True
1626,True
1627,True
1628,False
1629,False
1630,True
1631,True
1632,False
1633,True
1634,True
1635,False
1636,True
1637,True
1638,False
1639,True
1640,True
1641,True
1642,True
1643,False
1644,True
1645,True
1646,False
1647,False
1648,True
1649,False
1650,False
1651,True
1652,True
1653,False
1654,True
1655,True
1656,True
1657,True
1658,True
1659,True
1660,True
1661,True
1662,True
1663,True
1664,True
1665,True
1666,False
1667,False
1668,False
1669,False
1670,False
1671,True
1672,False
1673,False
1674,True
1675,True
1676,True
1677,True
1678,True
1679,True
1680,False
1681,True
1682,True
1683,True
1684,True
1685,False
1686,False
1687,False
1688,True
1689,False
1690,True
1691,True
1692,True
1693,True
1694,True
1695,True
1696,True
1697,True
1698,False
1699,True
1700,True
1701,False
1702,True
1703,True
1704,False
1705,True
1706,True
1707,False
1708,True
1709,False
1710,False
1711,False
1712,True
1713,True
1714,True
1715,True
1716,False
1717,True
1718,False
1719,True
1720,True
1721,True
1722,False
1723,False
1724,False
1725,True
1726,True
1727,True
1728,True
1729,False
1730,True
1731,True
1732,False
1733,False
1734,False
1735,True
1736,False
1737,False
1738,True
1739,True
1740,True
1741,True
1742,True
1743,True
1744,False
1745,True
1746,False
1747,False
1748,True
1749,False
1750,False
1751,True
1752,True
1753,True
1754,True
1755,True
1756,True
1757,True
1758,True
1759,True
1760,True
1761,True
1762,True
1763,True
1764,True
1765,False
1766,True
1767,True
1768,False
1769,False
1770,True
1771,True
1772,False
1773,False
1774,True
1775,False
1776,False
1777,False
1778,True
1779,True
1780,True
1781,True
1782,False
1783,True
1784,False
1785,True
1786,True
1787,True
1788,False
1789,True
1790,True
1791,True
1792,False
1793,True
1794,False
1795,True
1796,True
1797,False
1798,True
1799,False
1800,True
1801,True
1802,True
1803,True
1804,True
1805,True
1806,False
1807,True
1808,True
1809,True
1810,False
1811,True
1812,True
1813,True
1814,True
1815,False
1816,True
1817,True
1818,True
1819,True
1820,False
1821,True
1822,False
1823,False
1824,False
1825,True
1826,True
1827,False
1828,False
1829,True
1830,True
1831,True
1832,True
1833,False
1834,False
1835,True
1836,False
1837,True
1838,False
1839,False
1840,True
1841,False
1842,True
1843,True
1844,False
1845,False
1846,True
1847,True
1848,False
1849,True
1850,False
1851,True
1852,False
1853,True
1854,True
1855,True
1856,False
1857,False
1858,True
1859,True
1860,False
1861,True
1862,True
1863,True
1864,True
1865,True
1866,True
1867,True
1868,True
1869,True
1870,True
1871,True
1872,True
1873,True
1874,True
1875,True
1876,True
1877,False
1878,False
1879,True
1880,True
1881,True
1882,True
1883,True
1884,False
1885,True
1886,True
1887,True
1888,True
1889,False
1890,True
1891,True
1892,True
1893,False
1894,False
1895,True
1896,False
1897,True
1898,True
1899,True
1900,False
1901,True
1902,False
1903,True
1904,True
1905,False
1906,True
1907,True
1908,True
1909,True
1910,True
1911,True
1912,True
1913,False
1914,True
1915,True
1916,False
1917,True
1918,True
1919,False
1920,False
1921,True
1922,True
1923,False
1924,False
1925,True
1926,True
1927,False
1928,True
1929,False
1930,True
1931,True
1932,False
1933,False
1934,True
1935,True
1936,True
1937,True
1938,False
1939,True
1940,False
1941,False
1942,True
1943,True
1944,False
1945,False
1946,True
1947,True
1948,True
1949,True
1950,False
1951,True
1952,True
1953,True
1954,True
1955,True
1956,False
1957,False
1958,False
1959,True
1960,True
1961,True
1962,True
1963,True
1964,True
1965,True
1966,True
1967,True
1968,True
1969,True
1970,True
1971,False
1972,True
1973,False
1974,True
1975,True
1976,False
1977,False
1978,False
1979,False
1980,True
1981,True
1982,False
1983,True
1984,True
1985,True
1986,True
1987,True
1988,True
1989,True
1990,True
1991,False
1992,True
1993,True
1994,True
1995,False
1996,True
1997,True
1998,True
1999,True
2000,True
2001,True
2002,True
2003,True
2004,True
2005,False
2006,True
2007,True
2008,False
2009,True
2010,True
2011,True
2012,True
2013,True
2014,True
2015,True
2016,True
2017,True
2018,False
2019,True
2020,True
2021,False
2022,True
2023,True
2024,True
2025,True
2026,False
2027,True
2028,True
2029,True
2030,True
2031,True
2032,True
2033,True
2034,True
2035,False
2036,True
2037,True
2038,True
2039,True
2040,False
2041,False
2042,True
2043,True
2044,True
2045,True
2046,True
2047,True
2048,True
2049,False
2050,True
2051,False
2052,True
2053,False
2054,True
2055,True
2056,False
2057,True
2058,False
2059,False
2060,False
2061,True
2062,True
2063,True
2064,True
2065,False
2066,True
2067,True
2068,True
2069,False
2070,True
2071,True
2072,False
2073,True
2074,True
2075,True
2076,False
2077,True
2078,True
2079,True
2080,True
2081,True
2082,False
2083,False
2084,True
2085,True
2086,True
2087,True
2088,True
2089,True
2090,False
2091,True
2092,True
2093,True
2094,True
2095,True
2096,False
2097,False
2098,True
2099,True
2100,False
2101,False
2102,True
2103,False
2104,True
2105,True
2106,True
2107,False
2108,False
2109,False
2110,True
2111,False
2112,False
2113,True
2114,True
2115,True
2116,False
2117,False
2118,True
2119,True
2120,True
2121,True
2122,True
2123,True
2124,False
2125,False
2126,True
2127,True
2128,True
2129,True
2130,False
2131,True
2132,True
2133,False
2134,True
2135,True
2136,False
2137,True
2138,False
2139,True
2140,False
2141,True
2142,True
2143,True
2144,True
2145,False
2146,False
2147,True
2148,False
2149,True
2150,False
2151,False
2152,True
2153,True
2154,True
2155,True
2156,False
2157,True
2158,True
2159,True
2160,True
2161,True
2162,False
2163,True
2164,True
2165,True
2166,True
2167,True
2168,True
2169,False
2170,True
2171,True
2172,False
2173,True
2174,False
2175,False
2176,True
2177,True
2178,True
2179,True
2180,False
2181,True
2182,True
2183,True
2184,True
2185,True
2186,True
2187,False
2188,True
2189,False
2190,True
2191,True
2192,True
2193,True
2194,True
2195,True
2196,True
2197,True
2198,True
2199,True
2200,True
2201,False
2202,True
2203,True
2204,True
2205,False
2206,False
2207,True
2208,True
2209,True
2210,True
2211,False
2212,False
2213,False
2214,False
2215,True
2216,True
2217,True
2218,False
2219,False
2220,True
2221,False
2222,True
2223,True
2224,False
2225,False
2226,False
2227,True
2228,True
2229,False
2230,True
2231,True
2232,True
2233,True
2234,True
2235,False
2236,True
2237,True
2238,True
2239,True
2240,False
2241,True
2242,True
2243,False
2244,True
2245,False
2246,True
2247,True
2248,False
2249,False
2250,True
2251,True
2252,False
2253,True
2254,True
2255,False
2256,True
2257,False
2258,True
2259,False
2260,False
2261,True
2262,False
2263,False
2264,False
2265,False
2266,False
2267,False
2268,True
2269,True
2270,False
2271,False
2272,True
2273,True
2274,True
2275,True
2276,True
2277,False
2278,True
2279,False
2280,False
2281,False
2282,False
2283,False
2284,True
2285,True
2286,False
2287,False
2288,True
2289,True
2290,True
2291,True
2292,False
2293,True
2294,True
2295,True
2296,False
2297,True
2298,False
2299,False
2300,True
2301,True
2302,True
2303,True
2304,True
2305,True
2306,False
2307,True
2308,True
2309,True
2310,True
2311,False
2312,True
2313,True
2314,True
2315,True
2316,True
2317,True
2318,True
2319,True
2320,True
2321,True
2322,False
2323,True
2324,True
2325,False
2326,False
2327,True
2328,False
2329,True
2330,True
2331,True
2332,True
2333,True
2334,False
2335,True
2336,False
2337,False
2338,False
2339,True
2340,True
2341,False
2342,False
2343,True
2344,False
2345,True
2346,False
2347,False
2348,True
2349,True
2350,True
2351,True
2352,False
2353,True
2354,False
2355,True
2356,True
2357,False
2358,False
2359,True
2360,True
2361,False
2362,False
2363,False
2364,True
2365,True
2366,True
2367,True
2368,True
2369,True
2370,False
2371,True
2372,False
2373,True
2374,True
2375,False
2376,True
2377,True
2378,False
2379,True
2380,True
2381,False
2382,True
2383,True
2384,True
2385,True
2386,False
2387,False
2388,True
2389,True
2390,False
2391,True
2392,False
2393,True
2394,False
2395,True
2396,True
2397,True
2398,True
2399,True
2400,True
2401,True
2402,True
2403,True
2404,True
2405,False
2406,False
2407,False
2408,False
2409,False
2410,True
2411,True
2412,False
2413,True
2414,False
2415,True
2416,True
2417,False
2418,False
2419,True
2420,False
2421,True
2422,True
2423,True
2424,True
2425,False
2426,False
2427,True
2428,False
2429,True
2430,True
2431,True
2432,False
2433,True
2434,True
2435,True
2436,False
2437,True
2438,True
2439,False
2440,True
2441,True
2442,True
2443,True
2444,False
2445,False
2446,True
2447,True
2448,True
2449,True
2450,True
2451,False
2452,False
2453,False
2454,True
2455,True
2456,False
2457,False
2458,False
2459,True
2460,False
2461,True
2462,False
2463,False
2464,False
2465,True
2466,True
2467,True
2468,True
2469,False
2470,True
2471,False
2472,True
2473,True
2474,True
2475,True
2476,True
2477,True
2478,True
2479,False
2480,False
2481,True
2482,False
2483,True
2484,True
2485,False
2486,True
2487,True
2488,False
2489,False
2490,True
2491,True
2492,False
2493,True
2494,False
2495,False
2496,False
2497,True
2498,True
2499,True
2500,True
2501,True
2502,True
2503,True
2504,True
2505,True
2506,True
2507,True
2508,True
2509,False
2510,True
2511,True
2512,True
2513,False
2514,True
2515,False
2516,True
2517,True
2518,True
2519,True
2520,True
2521,True
2522,False
2523,False
2524,True
2525,True
2526,False
2527,False
2528,True
2529,False
2530,True
2531,True
2532,False
2533,False
2534,False
2535,False
2536,True
2537,True
2538,False
2539,False
2540,True
2541,True
2542,True
2543,False
2544,True
2545,True
2546,True
2547,True
2548,True
2549,False
2550,False
2551,True
2552,False
2553,True
2554,True
2555,True
2556,True
2557,True
2558,True
2559,False
2560,False
2561,True
2562,True
2563,True
2564,False
2565,True
2566,False
2567,False
2568,False
2569,False
2570,True
2571,True
2572,True
2573,True
2574,False
2575,False
2576,True
2577,True
2578,False
2579,True
2580,False
2581,True
2582,True
2583,False
2584,True
2585,True
2586,True
2587,True
2588,True
2589,True
2590,False
2591,True
2592,True
2593,False
2594,True
2595,True
2596,True
2597,True
2598,True
2599,True
2600,False
2601,True
2602,True
2603,True
2604,False
2605,False
2606,True
2607,True
2608,True
2609,True
2610,True
2611,True
2612,False
2613,True
2614,True
2615,True
2616,False
2617,True
2618,True
2619,True
2620,True
2621,False
2622,True
2623,True
2624,True
2625,False
2626,True
2627,True
2628,True
2629,False
2630,True
2631,True
2632,True
2633,True
2634,True
2635,True
2636,True
2637,True
2638,True
2639,True
2640,True
2641,True
2642,False
2643,True
2644,True
2645,True
2646,True
2647,False
2648,False
2649,True
2650,True
2651,False
2652,True
2653,True
2654,True
2655,True
2656,True
2657,False
2658,True
2659,True
2660,True
2661,True
2662,False
2663,True
2664,False
2665,False
2666,True
2667,False
2668,False
2669,True
2670,False
2671,True
2672,False
2673,False
2674,True
2675,False
2676,False
2677,True
2678,False
2679,False
2680,True
2681,True
2682,False
2683,True
2684,False
2685,True
2686,True
2687,False
2688,True
2689,False
2690,True
2691,True
2692,False
2693,False
2694,True
2695,False
2696,True
2697,True
2698,True
2699,True
2700,False
2701,True
2702,False
2703,True
2704,False
2705,False
2706,True
2707,True
2708,True
2709,True
2710,True
2711,True
2712,False
2713,False
2714,True
2715,True
2716,False
2717,True
2718,True
2719,False
2720,False
2721,False
2722,False
2723,True
2724,False
2725,True
2726,True
2727,True
2728,True
2729,True
2730,False
2731,False
2732,False
2733,True
2734,True
2735,False
2736,False
2737,True
2738,True
2739,True
2740,True
2741,True
2742,True
2743,True
2744,True
2745,True
2746,False
2747,False
2748,True
2749,True
2750,True
2751,True
2752,False
2753,True
2754,False
2755,True
2756,False
2757,True
2758,False
2759,False
2760,True
2761,False
2762,True
2763,True
2764,False
2765,True
2766,True
2767,True
2768,True
2769,True
2770,True
2771,True
2772,True
2773,True
2774,True
2775,False
2776,False
2777,False
2778,False
2779,True
2780,True
2781,True
2782,True
2783,True
2784,True
2785,True
2786,True
2787,True
2788,True
2789,True
2790,True
2791,True
2792,True
2793,False
2794,False
2795,True
2796,False
2797,True
2798,True
2799,True
2800,True
2801,True
2802,True
2803,False
2804,False
2805,False
2806,False
2807,False
2808,True
2809,True
2810,True
2811,True
2812,False
2813,True
2814,False
2815,True
2816,True
2817,False
2818,True
2819,True
2820,True
2821,True
2822,True
2823,True
2824,True
2825,True
2826,False
2827,True
2828,False
2829,True
2830,False
2831,True
2832,False
2833,False
2834,True
2835,True
2836,True
2837,False
2838,False
2839,True
2840,True
2841,False
2842,True
2843,True
2844,True
2845,True
2846,False
2847,False
2848,False
2849,True
2850,False
2851,True
2852,True
2853,True
2854,False
2855,True
2856,True
2857,True
2858,True
2859,False
2860,False
2861,True
2862,False
2863,False
2864,True
2865,True
2866,True
2867,True
2868,True
2869,False
2870,False
2871,False
2872,False
2873,False
2874,True
2875,True
2876,True
2877,False
2878,False
2879,True
2880,True
2881,False
2882,False
2883,True
2884,True
2885,True
2886,True
2887,True
2888,False
2889,True
2890,True
2891,True
2892,True
2893,True
2894,False
2895,False
2896,True
2897,True
2898,False
2899,True
2900,True
2901,True
2902,True
2903,True
2904,False
2905,False
2906,True
2907,True
2908,True
2909,False
2910,True
2911,True
2912,True
2913,True
2914,True
2915,False
2916,False
2917,False
2918,False
2919,False
2920,True
2921,False
2922,False
2923,True
2924,False
2925,True
2926,False
2927,True
2928,False
2929,True
2930,False
2931,True
2932,True
2933,False
2934,True
2935,True
2936,False
2937,True
2938,True
2939,True
2940,True
2941,False
2942,True
2943,True
2944,False
2945,True
2946,False
2947,True
2948,True
2949,True
2950,True
2951,True
2952,True
2953,True
2954,True
2955,True
2956,True
2957,False
2958,True
2959,True
2960,True
2961,True
2962,True
2963,True
2964,False
2965,True
2966,False
2967,True
2968,True
2969,True
2970,False
2971,True
2972,True
2973,True
2974,False
2975,True
2976,False
2977,True
2978,True
2979,True
2980,True
2981,True
2982,False
2983,False
2984,True
2985,False
2986,False
2987,True
2988,True
2989,True
2990,True
2991,True
2992,True
2993,True
2994,True
2995,True
2996,True
2997,True
2998,True
2999,True
3000,False
3001,False
3002,True
3003,True
3004,True
3005,True
3006,True
3007,True
3008,False
3009,True
3010,True
3011,True
3012,False
3013,True
3014,True
3015,False
3016,True
3017,True
3018,True
3019,True
3020,False
3021,True
3022,True
3023,True
3024,False
3025,True
3026,False
3027,False
3028,True
3029,False
3030,False
3031,True
3032,False
3033,False
3034,False
3035,True
3036,False
3037,True
3038,True
3039,False
3040,True
3041,True
3042,True
3043,True
3044,True
3045,True
3046,True
3047,False
3048,True
3049,True
3050,True
3051,True
3052,True
3053,True
3054,True
3055,False
3056,True
3057,False
3058,True
3059,True
3060,True
3061,False
3062,True
3063,True
3064,False
3065,True
3066,False
3067,True
3068,True
3069,True
3070,True
3071,True
3072,False
3073,True
3074,True
3075,True
3076,False
3077,True
3078,False
3079,True
3080,True
3081,True
3082,True
3083,True
3084,True
3085,True
3086,True
3087,True
3088,True
3089,False
3090,True
3091,False
3092,True
3093,True
3094,True
3095,True
3096,False
3097,True
3098,False
3099,False
3100,True
3101,True
3102,True
3103,False
3104,True
3105,False
3106,False
3107,True
3108,True
3109,False
3110,False
3111,True
3112,True
3113,True
3114,True
3115,True
3116,False
3117,True
3118,True
3119,False
3120,False
3121,False
3122,False
3123,False
3124,True
3125,True
3126,False
3127,True
3128,False
3129,True
3130,True
3131,True
3132,True
3133,True
3134,True
3135,False
3136,True
3137,True
3138,True
3139,True
3140,True
3141,True
3142,False
3143,True
3144,True
3145,True
3146,False
3147,True
3148,True
3149,True
3150,True
3151,True
3152,True
3153,True
3154,True
3155,False
3156,True
3157,True
3158,True
3159,True
3160,False
3161,True
3162,False
3163,False
3164,True
3165,True
3166,True
3167,True
3168,False
3169,False
3170,False
3171,False
3172,True
3173,False
3174,True
3175,True
3176,True
3177,True
3178,True
3179,True
3180,False
3181,False
3182,True
3183,False
3184,True
3185,False
3186,True
3187,True
3188,False
3189,False
3190,True
3191,False
3192,True
3193,False
3194,True
3195,True
3196,False
3197,True
3198,True
3199,True
3200,True
3201,True
3202,True
3203,False
3204,False
3205,False
3206,True
3207,True
3208,False
3209,True
3210,True
3211,True
3212,True
3213,False
3214,True
3215,False
3216,True
3217,True
3218,True
3219,False
3220,False
3221,False
3222,True
3223,True
3224,True
3225,False
3226,True
3227,False
3228,True
3229,True
3230,False
3231,True
3232,True
3233,True
3234,True
3235,True
3236,True
3237,False
3238,True
3239,True
3240,False
3241,True
3242,True
3243,False
3244,True
3245,False
3246,True
3247,True
3248,False
3249,True
3250,True
3251,True
3252,True
3253,True
3254,False
3255,True
3256,True
3257,True
3258,False
3259,True
3260,True
3261,True
3262,True
3263,True
3264,False
3265,True
3266,False
3267,True
3268,False
3269,False
3270,True
3271,True
3272,True
3273,True
3274,True
3275,False
3276,True
3277,True
3278,True
3279,True
3280,False
3281,True
3282,True
3283,True
3284,True
3285,False
3286,True
3287,False
3288,True
3289,True
3290,True
3291,True
3292,True
3293,True
3294,False
3295,True
3296,False
3297,False
3298,True
3299,False
3300,False
3301,True
3302,True
3303,True
3304,True
3305,False
3306,True
3307,False
3308,True
3309,True
3310,True
3311,True
3312,True
3313,True
3314,False
3315,True
3316,False
3317,True
3318,True
3319,True
3320,True
3321,True
3322,True
3323,True
3324,True
3325,True
3326,False
3327,True
3328,True
3329,True
3330,True
3331,False
3332,True
3333,True
3334,True
3335,False
3336,True
3337,False
3338,True
3339,True
3340,False
3341,True
3342,True
3343,True
3344,False
3345,True
3346,False
3347,True
3348,True
3349,True
3350,True
3351,False
3352,True
3353,True
3354,False
3355,True
3356,True
3357,False
3358,False
3359,True
3360,True
3361,True
3362,True
3363,False
3364,False
3365,False
3366,True
3367,False
3368,True
3369,True
3370,True
3371,True
3372,True
3373,True
3374,True
3375,True
3376,True
3377,True
3378,True
3379,True
3380,True
3381,False
3382,True
3383,True
3384,False
3385,True
3386,True
3387,True
3388,True
3389,False
3390,True
3391,False
3392,False
3393,False
3394,True
3395,False
3396,True
3397,True
3398,True
3399,True
3400,False
3401,True
3402,True
3403,False
3404,True
3405,True
3406,True
3407,True
3408,True
3409,True
3410,True
3411,True
3412,True
3413,True
3414,True
3415,True
3416,True
3417,False
3418,True
3419,False
3420,True
3421,True
3422,True
3423,True
3424,False
3425,True
3426,True
3427,True
3428,True
3429,False
3430,False
3431,True
3432,True
3433,False
3434,True
3435,True
3436,True
3437,True
3438,False
3439,False
3440,True
3441,True
3442,True
3443,True
3444,False
3445,True
3446,True
3447,True
3448,False
3449,True
3450,False
3451,False
3452,True
3453,True
3454,True
3455,True
3456,True
3457,True
3458,True
3459,False
3460,True
3461,True
3462,False
3463,True
3464,True
3465,False
3466,True
3467,True
3468,True
3469,True
3470,False
3471,True
3472,False
3473,True
3474,False
3475,True
3476,True
3477,False
3478,True
3479,False
3480,False
3481,True
3482,True
3483,True
3484,True
3485,True
3486,False
3487,True
3488,True
3489,True
3490,True
3491,True
3492,True
3493,False
3494,False
3495,True
3496,True
3497,True
3498,True
3499,True
3500,True
3501,False
3502,False
3503,False
3504,False
3505,False
3506,True
3507,True
3508,True
3509,False
3510,True
3511,True
3512,False
3513,True
3514,True
3515,True
3516,False
3517,False
3518,True
3519,True
3520,True
3521,False
3522,True
3523,True
3524,True
3525,True
3526,True
3527,False
3528,True
3529,True
3530,True
3531,True
3532,True
3533,True
3534,True
3535,True
3536,True
3537,True
3538,False
3539,False
3540,False
3541,True
3542,True
3543,True
3544,True
3545,True
3546,True
3547,True
3548,False
3549,True
3550,False
3551,True
3552,True
3553,True
3554,True
3555,False
3556,True
3557,True
3558,True
3559,True
3560,True
3561,True
3562,True
3563,True
3564,False
3565,True
3566,True
3567,True
3568,True
3569,False
3570,True
3571,True
3572,True
3573,True
3574,True
3575,True
3576,False
3577,True
3578,True
3579,False
3580,False
3581,False
3582,True
3583,True
3584,False
3585,True
3586,False
3587,False
3588,False
3589,True
3590,True
3591,False
3592,True
3593,True
3594,False
3595,True
3596,True
3597,True
3598,True
3599,False
3600,False
3601,True
3602,True
3603,True
3604,True
3605,True
3606,True
3607,False
3608,True
3609,True
3610,True
3611,False
3612,False
3613,True
3614,False
3615,True
3616,True
3617,True
3618,True
3619,True
3620,False
3621,True
3622,True
3623,True
3624,True
3625,True
3626,False
3627,True
3628,True
3629,True
3630,True
3631,False
3632,True
3633,True
3634,False
3635,True
3636,True
3637,True
3638,True
3639,True
3640,True
3641,True
3642,False
3643,True
3644,False
3645,True
3646,True
3647,True
3648,True
3649,False
3650,False
3651,True
3652,False
3653,True
3654,True
3655,True
3656,False
3657,False
3658,True
3659,True
3660,True
3661,True
3662,True
3663,True
3664,True
3665,False
3666,True
3667,True
3668,True
3669,False
3670,True
3671,True
3672,True
3673,True
3674,True
3675,False
3676,True
3677,True
3678,False
3679,True
3680,False
3681,True
3682,False
3683,True
3684,True
3685,False
3686,True
3687,True
3688,False
3689,True
3690,False
3691,True
3692,True
3693,True
3694,True
3695,False
3696,False
3697,True
3698,True
3699,False
3700,True
3701,False
3702,True
3703,True
3704,False
3705,True
3706,True
3707,True
3708,False
3709,True
3710,True
3711,True
3712,True
3713,False
3714,False
3715,True
3716,True
3717,True
3718,True
3719,True
3720,False
3721,True
3722,False
3723,True
3724,False
3725,False
3726,True
3727,True
3728,True
3729,True
3730,True
3731,False
3732,True
3733,True
3734,True
3735,True
3736,True
3737,True
3738,True
3739,True
3740,False
3741,True
3742,True
3743,True
3744,True
3745,False
3746,True
3747,True
3748,False
3749,False
3750,False
3751,True
3752,True
3753,True
3754,True
3755,True
3756,True
3757,True
3758,True
3759,True
3760,True
3761,True
3762,True
3763,False
3764,False
3765,True
3766,True
3767,False
3768,True
3769,True
3770,False
3771,False
3772,True
3773,False
3774,False
3775,True
3776,False
3777,False
3778,False
3779,True
3780,True
3781,True
3782,False
3783,True
3784,True
3785,True
3786,True
3787,True
3788,True
3789,True
3790,True
3791,False
3792,True
3793,True
3794,True
3795,False
3796,True
3797,False
3798,True
3799,True
3800,True
3801,False
3802,True
3803,True
3804,True
3805,True
3806,True
3807,True
3808,False
3809,True
3810,True
3811,True
3812,True
3813,True
3814,True
3815,True
3816,False
3817,False
3818,True
3819,True
3820,False
3821,True
3822,False
3823,True
3824,False
3825,True
3826,False
3827,False
3828,True
3829,True
3830,True
3831,True
3832,False
3833,False
3834,False
3835,True
3836,True
3837,False
3838,True
3839,True
3840,False
3841,True
3842,True
3843,False
3844,True
3845,True
3846,True
3847,False
3848,True
3849,True
3850,True
3851,True
3852,True
3853,True
3854,False
3855,True
3856,False
3857,True
3858,False
3859,True
3860,False
3861,False
3862,True
3863,True
3864,True
3865,True
3866,True
3867,True
3868,True
3869,True
3870,True
3871,True
3872,True
3873,True
3874,True
3875,False
3876,False
3877,True
3878,True
3879,True
3880,False
3881,True
3882,True
3883,False
3884,True
3885,False
3886,True
3887,False
3888,True
3889,True
3890,True
3891,False
3892,False
3893,False
3894,True
3895,False
3896,True
3897,True
3898,False
3899,True
3900,True
3901,True
3902,True
3903,False
3904,True
3905,True
3906,True
3907,True
3908,True
3909,False
3910,False
3911,True
3912,False
3913,False
3914,True
3915,True
3916,False
3917,True
3918,True
3919,True
3920,False
3921,True
3922,True
3923,True
3924,True
3925,True
3926,False
3927,True
3928,True
3929,True
3930,False
3931,True
3932,True
3933,False
3934,True
3935,True
3936,True
3937,True
3938,True
3939,False
3940,True
3941,True
3942,True
3943,False
3944,True
3945,True
3946,True
3947,False
3948,True
3949,True
3950,False
3951,True
3952,True
3953,True
3954,False
3955,True
3956,True
3957,False
3958,True
3959,True
3960,True
3961,True
3962,False
3963,True
3964,True
3965,True
3966,True
3967,True
3968,True
3969,True
3970,True
3971,True
3972,True
3973,True
3974,False
3975,True
3976,True
3977,False
3978,False
3979,False
3980,True
3981,True
3982,True
3983,True
3984,True
3985,True
3986,True
3987,True
3988,True
3989,True
3990,True
3991,False
3992,True
3993,False
3994,True
3995,True
3996,True
3997,True
3998,True
3999,True
4000,True
4001,True
4002,True
4003,True
4004,True
4005,True
4006,True
4007,True
4008,True
4009,True
4010,False
4011,True
4012,False
4013,True
4014,False
4015,True
4016,False
4017,True
4018,True
4019,True
4020,False
4021,True
4022,True
4023,True
4024,True
4025,True
4026,False
4027,False
4028,True
4029,True
4030,True
4031,True
4032,True
4033,True
4034,True
4035,True
4036,True
4037,False
4038,True
4039,True
4040,False
4041,True
4042,True
4043,True
4044,False
4045,False
4046,False
4047,True
4048,False
4049,True
4050,True
4051,True
4052,True
4053,True
4054,True
4055,True
4056,True
4057,False
4058,True
4059,True
4060,True
4061,True
4062,False
4063,True
4064,True
4065,True
4066,True
4067,False
4068,True
4069,False
4070,True
4071,True
4072,True
4073,False
4074,True
4075,False
4076,True
4077,True
4078,True
4079,False
4080,True
4081,True
4082,True
4083,True
4084,True
4085,True
4086,False
4087,False
4088,True
4089,True
4090,True
4091,False
4092,True
4093,True
4094,False
4095,False
4096,False
4097,False
4098,True
4099,True
4100,True
4101,False
4102,True
4103,False
4104,True
4105,True
4106,False
4107,True
4108,True
4109,True
4110,True
4111,True
4112,True
4113,True
4114,True
4115,True
4116,True
4117,False
4118,False
4119,True
4120,False
4121,False
4122,True
4123,False
4124,True
4125,True
4126,False
4127,False
4128,True
4129,False
4130,False
4131,True
4132,True
4133,False
4134,True
4135,False
4136,True
4137,True
4138,True
4139,True
4140,True
4141,True
4142,False
4143,False
4144,False
4145,True
4146,True
4147,True
4148,True
4149,True
4150,True
4151,False
4152,True
4153,True
4154,False
4155,False
4156,True
4157,True
4158,True
4159,True
4160,False
4161,False
4162,True
4163,False
4164,True
4165,True
4166,True
4167,True
4168,True
4169,False
4170,True
4171,True
4172,False
4173,True
4174,False
4175,True
4176,False
4177,False
4178,False
4179,True
4180,True
4181,True
4182,True
4183,True
4184,True
4185,True
4186,False
4187,True
4188,True
4189,True
4190,True
4191,False
4192,False
4193,True
4194,True
4195,True
4196,True
4197,False
4198,True
4199,False
4200,True
4201,True
4202,False
4203,False
4204,False
4205,True
4206,True
4207,False
4208,True
4209,True
4210,True
4211,True
4212,False
4213,False
4214,True
4215,False
4216,True
4217,True
4218,False
4219,True
4220,False
4221,True
4222,False
4223,False
4224,True
4225,True
4226,True
4227,True
4228,True
4229,True
4230,False
4231,True
4232,True
4233,True
4234,True
4235,True
4236,False
4237,True
4238,True
4239,False
4240,False
4241,True
4242,True
4243,True
4244,False
4245,False
4246,True
4247,True
4248,False
4249,True
4250,True
4251,False
4252,True
4253,False
4254,True
4255,True
4256,True
4257,True
4258,False
4259,False
4260,True
4261,True
4262,True
4263,True
4264,True
4265,True
4266,True
4267,False
4268,True
4269,False
4270,True
4271,False
4272,True
4273,False
4274,False
4275,True
4276,True
4277,False
4278,True
4279,True
4280,False
4281,True
4282,True
4283,False
4284,False
4285,False
4286,True
4287,True
4288,True
4289,True
4290,True
4291,True
4292,True
4293,True
4294,True
4295,False
4296,False
4297,True
4298,True
4299,True
4300,True
4301,True
4302,False
4303,True
4304,True
4305,True
4306,True
4307,True
4308,True
4309,True
4310,True
4311,True
4312,False
4313,True
4314,True
4315,True
4316,False
4317,True
4318,True
4319,False
4320,True
4321,True
4322,True
4323,True
4324,True
4325,True
4326,False
4327,True
4328,True
4329,True
4330,False
4331,True
4332,False
4333,True
4334,True
4335,True
4336,True
4337,True
4338,True
4339,False
4340,False
4341,True
4342,True
4343,False
4344,False
4345,False
4346,True
4347,False
4348,True
4349,False
4350,True
4351,False
4352,True
4353,True
4354,True
4355,True
4356,False
4357,True
4358,True
4359,True
4360,True
4361,True
4362,True
4363,False
4364,True
4365,True
4366,True
4367,False
4368,True
4369,True
4370,True
4371,False
4372,True
4373,False
4374,False
4375,True
4376,True
4377,False
4378,True
4379,False
4380,False
4381,True
4382,False
4383,False
4384,False
4385,False
4386,True
4387,True
4388,False
4389,True
4390,False
4391,False
4392,True
4393,True
4394,True
4395,True
4396,True
4397,True
4398,False
4399,True
4400,True
4401,False
4402,True
4403,True
4404,True
4405,True
4406,True
4407,True
4408,True
4409,True
4410,True
4411,False
4412,True
4413,True
4414,True
4415,True
4416,False
4417,False
4418,True
4419,True
4420,True
4421,True
4422,True
4423,True
4424,False
4425,False
4426,False
4427,False
4428,False
4429,False
4430,False
4431,True
4432,True
4433,True
4434,False
4435,False
4436,True
4437,False
4438,True
4439,True
4440,True
4441,False
4442,False
4443,True
4444,False
4445,False
4446,True
4447,True
4448,False
4449,True
4450,True
4451,True
4452,False
4453,True
4454,True
4455,True
4456,False
4457,True
4458,True
4459,True
4460,True
4461,True
4462,False
4463,True
4464,True
4465,True
4466,False
4467,False
4468,True
4469,False
4470,True
4471,True
4472,False
4473,True
4474,True
4475,True
4476,True
4477,True
4478,False
4479,True
4480,True
4481,False
4482,True
4483,True
4484,True
4485,True
4486,True
4487,True
4488,False
4489,True
4490,True
4491,True
4492,False
4493,False
4494,True
4495,True
4496,True
4497,True
4498,False
4499,True
4500,True
4501,True
4502,False
4503,True
4504,True
4505,True
4506,True
4507,True
4508,True
4509,False
4510,False
4511,False
4512,True
4513,True
4514,True
4515,True
4516,True
4517,False
4518,True
4519,True
4520,True
4521,False
4522,False
4523,True
4524,True
4525,False
4526,True
4527,True
4528,True
4529,True
4530,False
4531,False
4532,True
4533,True
4534,True
4535,True
4536,True
4537,True
4538,True
4539,True
4540,False
4541,True
4542,True
4543,True
4544,True
4545,False
4546,True
4547,True
4548,True
4549,False
4550,True
4551,True
4552,True
4553,False
4554,True
4555,False
4556,False
4557,True
4558,False
4559,True
4560,True
4561,True
4562,False
4563,True
4564,True
4565,True
4566,False
4567,True
4568,False
4569,True
4570,False
4571,True
4572,False
4573,False
4574,True
4575,True
4576,True
4577,True
4578,True
4579,False
4580,True
4581,True
4582,True
4583,False
4584,False
4585,True
4586,True
4587,False
4588,True
4589,True
4590,False
4591,False
4592,True
4593,False
4594,True
4595,True
4596,False
4597,True
4598,True
4599,True
4600,False
4601,True
4602,False
4603,True
4604,True
4605,True
4606,False
4607,True
4608,True
4609,True
4610,True
4611,False
4612,True
4613,True
4614,True
4615,False
4616,False
4617,False
4618,True
4619,True
4620,True
4621,True
4622,False
4623,True
4624,True
4625,True
4626,True
4627,True
4628,True
4629,False
4630,True
4631,False
4632,True
4633,True
4634,False
4635,False
4636,True
4637,False
4638,True
4639,True
4640,False
4641,False
4642,True
4643,True
4644,True
4645,True
4646,False
4647,False
4648,True
4649,True
4650,True
4651,True
4652,False
4653,False
4654,True
4655,True
4656,False
4657,False
4658,False
4659,True
4660,True
4661,False
4662,True
4663,True
4664,True
4665,True
4666,False
4667,True
4668,True
4669,True
4670,True
4671,False
4672,True
4673,True
4674,False
4675,True
4676,True
4677,False
4678,False
4679,False
4680,True
4681,True
4682,True
4683,True
4684,True
4685,True
4686,True
4687,True
4688,False
4689,False
4690,True
4691,True
4692,True
4693,True
4694,True
4695,False
4696,True
4697,False
4698,True
4699,False
4700,True
4701,True
4702,True
4703,False
4704,True
4705,True
4706,True
4707,False
4708,True
4709,True
4710,True
4711,True
4712,True
4713,True
4714,True
4715,True
4716,False
4717,False
4718,True
4719,False
4720,True
4721,True
4722,False
4723,True
4724,False
4725,True
4726,False
4727,True
4728,True
4729,True
4730,True
4731,True
4732,False
4733,False
4734,True
4735,True
4736,True
4737,True
4738,True
4739,False
4740,True
4741,True
4742,True
4743,False
4744,True
4745,True
4746,False
4747,False
4748,True
4749,True
4750,False
4751,True
4752,True
4753,False
4754,False
4755,False
4756,True
4757,True
4758,False
4759,True
4760,False
4761,True
4762,True
4763,False
4764,True
4765,False
4766,True
4767,True
4768,True
4769,True
4770,True
4771,False
4772,True
4773,True
4774,True
4775,False
4776,True
4777,True
4778,True
4779,False
4780,False
4781,True
4782,False
4783,False
4784,False
4785,False
4786,True
4787,True
4788,True
4789,True
4790,True
4791,True
4792,False
4793,True
4794,True
4795,False
4796,False
4797,False
4798,True
4799,True
4800,False
4801,True
4802,False
4803,True
4804,True
4805,True
4806,True
4807,False
4808,True
4809,True
4810,True
4811,False
4812,True
4813,False
4814,False
4815,True
4816,True
4817,True
4818,False
4819,True
4820,True
4821,True
4822,False
4823,True
4824,True
4825,False
4826,True
4827,True
4828,True
4829,True
4830,True
4831,False
4832,False
4833,True
4834,True
4835,False
4836,True
4837,False
4838,True
4839,True
4840,True
4841,True
4842,True
4843,False
4844,True
4845,True
4846,True
4847,False
4848,True
4849,True
4850,True
4851,True
4852,False
4853,False
4854,True
4855,False
4856,True
4857,True
4858,True
4859,True
4860,False
4861,False
4862,False
4863,True
4864,True
4865,True
4866,True
4867,True
4868,True
4869,True
4870,False
4871,False
4872,True
4873,True
4874,True
4875,True
4876,True
4877,True
4878,False
4879,False
4880,True
4881,True
4882,True
4883,False
4884,True
4885,True
4886,False
4887,True
4888,True
4889,False
4890,True
4891,True
4892,True
4893,True
4894,True
4895,True
4896,True
4897,True
4898,True
4899,True
4900,False
4901,True
4902,False
4903,True
4904,False
4905,True
4906,True
4907,True
4908,False
4909,True
4910,False
4911,True
4912,True
4913,False
4914,True
4915,False
4916,True
4917,True
4918,False
4919,True
4920,True
4921,True
4922,False
4923,True
4924,True
4925,True
4926,True
4927,True
4928,True
4929,True
4930,True
4931,True
4932,True
4933,False
4934,True
4935,True
4936,False
4937,False
4938,True
4939,True
4940,True
4941,True
4942,False
4943,True
4944,True
4945,True
4946,True
4947,True
4948,True
4949,True
4950,False
4951,True
4952,True
4953,True
4954,True
4955,False
4956,True
4957,False
4958,False
4959,False
4960,True
4961,True
4962,False
4963,True
4964,False
4965,True
4966,True
4967,True
4968,False
4969,True
4970,False
4971,True
4972,True
4973,True
4974,True
4975,True
4976,True
4977,True
4978,False
4979,False
4980,True
4981,True
4982,True
4983,True
4984,True
4985,False
4986,True
4987,True
4988,False
4989,False
4990,True
4991,True
4992,True
4993,False
4994,False
4995,True
4996,True
4997,True
4998,True
4999,False
5000,False
5001,True
5002,True
5003,True
5004,False
5005,True
5006,True
5007,True
5008,True
5009,True
5010,True
5011,False
5012,True
5013,True
5014,False
5015,True
5016,True
5017,True
5018,False
5019,True
5020,True
5021,False
5022,True
5023,True
5024,True
5025,True
5026,True
5027,True
5028,False
5029,False
5030,False
5031,True
5032,True
5033,False
5034,True
5035,True
5036,True
5037,True
5038,True
5039,False
5040,False
5041,True
5042,True
5043,True
5044,True
5045,True
5046,True
5047,True
5048,True
5049,True
5050,True
5051,False
5052,True
5053,True
5054,False
5055,True
5056,True
5057,True
5058,True
5059,True
5060,True
5061,False
5062,True
5063,True
5064,False
5065,True
5066,True
5067,True
5068,True
5069,True
5070,False
5071,True
5072,False
5073,True
5074,False
5075,True
5076,True
5077,True
5078,True
5079,False
5080,True
5081,False
5082,True
5083,True
5084,False
5085,True
5086,False
5087,False
5088,True
5089,False
5090,True
5091,True
5092,True
5093,True
5094,True
5095,False
5096,False
5097,False
5098,True
5099,True
5100,False
5101,True
5102,True
5103,True
5104,True
5105,True
5106,True
5107,False
5108,False
5109,True
5110,True
5111,True
5112,False
5113,True
5114,True
5115,True
5116,True
5117,False
5118,True
5119,True
5120,False
5121,True
5122,True
5123,True
5124,False
5125,True
5126,False
5127,True
5128,True
5129,True
5130,True
5131,True
5132,True
5133,True
5134,True
5135,True
5136,True
5137,True
5138,False
5139,True
5140,True
5141,False
5142,True
5143,True
5144,False
5145,False
5146,False
5147,True
5148,False
5149,True
5150,True
5151,True
5152,True
5153,False
5154,True
5155,True
5156,False
5157,True
5158,False
5159,True
5160,True
5161,True
5162,True
5163,True
5164,True
5165,False
5166,True
5167,True
5168,False
5169,True
5170,True
5171,True
5172,False
5173,True
5174,True
5175,True
5176,True
5177,True
5178,False
5179,False
5180,False
5181,False
5182,False
5183,True
5184,False
5185,True
5186,True
5187,True
5188,True
5189,True
5190,True
5191,True
5192,False
5193,True
5194,True
5195,True
5196,False
5197,True
5198,False
5199,True
5200,True
5201,True
5202,False
5203,False
5204,False
5205,False
5206,True
5207,True
5208,True
5209,True
5210,True
5211,False
5212,True
5213,False
5214,True
5215,False
5216,True
5217,False
5218,True
5219,True
5220,True
5221,False
5222,False
5223,True
5224,True
5225,True
5226,True
5227,True
5228,False
5229,True
5230,True
5231,True
5232,True
5233,True
5234,True
5235,True
5236,False
5237,True
5238,True
5239,False
5240,False
5241,True
5242,True
5243,True
5244,True
5245,True
5246,True
5247,True
5248,True
5249,True
5250,True
5251,True
5252,False
5253,True
5254,False
5255,True
5256,True
5257,True
5258,True
5259,True
5260,True
5261,True
5262,True
5263,True
5264,False
5265,True
5266,False
5267,False
5268,True
5269,True
5270,False
5271,True
5272,True
5273,True
5274,False
5275,False
5276,False
5277,False
5278,False
5279,True
5280,True
5281,False
5282,True
5283,True
5284,True
5285,True
5286,True
5287,True
5288,True
5289,True
5290,True
5291,False
5292,True
5293,True
5294,True
5295,True
5296,True
5297,False
5298,True
5299,True
5300,True
5301,True
5302,True
5303,False
5304,True
5305,True
5306,True
5307,False
5308,True
5309,True
5310,True
5311,False
5312,False
5313,False
5314,True
5315,False
5316,True
5317,True
5318,False
5319,True
5320,True
5321,True
5322,False
5323,False
5324,True
5325,False
5326,False
5327,False
5328,False
5329,True
5330,True
5331,True
5332,False
5333,True
5334,True
5335,True
5336,True
5337,False
5338,True
5339,True
5340,True
5341,False
5342,True
5343,True
5344,True
5345,True
5346,False
5347,False
5348,True
5349,True
5350,False
5351,False
5352,False
5353,True
5354,True
5355,True
5356,False
5357,True
5358,True
5359,True
5360,False
5361,True
5362,True
5363,True
5364,True
5365,False
5366,True
5367,True
5368,True
5369,True
5370,True
5371,True
5372,True
5373,True
5374,True
5375,True
5376,True
5377,False
5378,True
5379,False
5380,True
5381,True
5382,True
5383,True
5384,True
5385,False
5386,False
5387,True
5388,True
5389,False
5390,False
5391,True
5392,True
5393,False
5394,True
5395,True
5396,True
5397,True
5398,False
5399,True
5400,False
5401,True
5402,True
5403,False
5404,False
5405,True
5406,False
5407,True
5408,True
5409,True
5410,False
5411,True
5412,False
5413,False
5414,True
5415,True
5416,True
5417,True
5418,False
5419,True
5420,True
5421,False
5422,True
5423,True
5424,True
5425,False
5426,False
5427,True
5428,True
5429,False
5430,True
5431,False
5432,True
5433,False
5434,True
5435,True
5436,True
5437,False
5438,False
5439,True
5440,True
5441,True
5442,True
5443,True
5444,False
5445,True
5446,False
5447,True
5448,False
5449,False
5450,True
5451,True
5452,True
5453,True
5454,True
5455,True
5456,False
5457,True
5458,True
5459,True
5460,True
5461,True
5462,False
5463,True
5464,False
5465,True
5466,True
5467,False
5468,True
5469,True
5470,True
5471,False
5472,True
5473,True
5474,True
5475,True
5476,True
5477,False
5478,True
5479,False
5480,True
5481,True
5482,True
5483,True
5484,True
5485,False
5486,True
5487,False
5488,False
5489,True
5490,True
5491,True
5492,True
5493,True
5494,False
5495,True
5496,True
5497,False
5498,True
5499,False
5500,True
5501,False
5502,False
5503,True
5504,True
5505,True
5506,False
5507,False
5508,False
5509,True
5510,False
5511,True
5512,True
5513,True
5514,True
5515,True
5516,True
5517,True
5518,True
5519,False
5520,True
5521,True
5522,True
5523,False
5524,True
5525,True
5526,True
5527,False
5528,True
5529,False
5530,True
5531,True
5532,False
5533,True
5534,True
5535,False
5536,False
5537,False
5538,True
5539,True
5540,False
5541,False
5542,True
5543,False
5544,False
5545,True
5546,False
5547,False
5548,True
5549,True
5550,True
5551,True
5552,True
5553,True
5554,True
5555,True
5556,True
5557,False
5558,True
5559,False
5560,True
5561,False
5562,True
5563,True
5564,True
5565,False
5566,True
5567,False
5568,True
5569,False
5570,True
5571,True
5572,False
5573,False
5574,True
5575,True
5576,True
5577,True
5578,False
5579,True
5580,True
5581,True
5582,True
5583,False
5584,False
5585,True
5586,True
5587,False
5588,True
5589,True
5590,True
5591,False
5592,True
5593,True
5594,True
5595,True
5596,False
5597,True
5598,False
5599,True
5600,True
5601,True
5602,False
5603,True
5604,False
5605,False
5606,True
5607,True
5608,True
5609,True
5610,False
5611,True
5612,False
5613,True
5614,True
5615,True
5616,False
5617,False
5618,True
5619,True
5620,False
5621,True
5622,True
5623,True
5624,False
5625,True
5626,True
5627,False
5628,True
5629,True
5630,False
5631,True
5632,True
5633,True
5634,True
5635,True
5636,True
5637,False
5638,True
5639,False
5640,False
5641,False
5642,True
5643,False
5644,True
5645,True
5646,True
5647,True
5648,False
5649,True
5650,False
5651,False
5652,True
5653,True
5654,False
5655,False
5656,True
5657,True
5658,False
5659,True
5660,True
5661,True
5662,True
5663,True
5664,True
5665,True
5666,True
5667,True
5668,True
5669,True
5670,False
5671,False
5672,True
5673,True
5674,False
5675,False
5676,True
5677,False
5678,True
5679,False
5680,False
5681,True
5682,True
5683,True
5684,False
5685,True
5686,True
5687,True
5688,False
5689,True
5690,True
5691,True
5692,True
5693,True
5694,True
5695,False
5696,True
5697,True
5698,False
5699,True
5700,False
5701,True
5702,False
5703,True
5704,True
5705,True
5706,False
5707,False
5708,True
5709,False
5710,True
5711,False
5712,True
5713,True
5714,False
5715,True
5716,True
5717,False
5718,True
5719,True
5720,True
5721,True
5722,True
5723,True
5724,True
5725,False
5726,True
5727,False
5728,False
5729,False
5730,False
5731,True
5732,True
5733,True
5734,True
5735,True
5736,False
5737,True
5738,True
5739,False
5740,True
5741,True
5742,True
5743,True
5744,True
5745,True
5746,False
5747,True
5748,False
5749,False
5750,True
5751,False
5752,True
5753,True
5754,False
5755,True
5756,False
5757,True
5758,False
5759,True
5760,True
5761,True
5762,True
5763,False
5764,True
5765,True
5766,True
5767,True
5768,True
5769,True
5770,True
5771,True
5772,True
5773,True
5774,True
5775,False
5776,True
5777,False
5778,True
5779,True
5780,False
5781,True
5782,False
5783,False
5784,False
5785,True
5786,True
5787,False
5788,False
5789,True
5790,True
5791,True
5792,True
5793,False
5794,True
5795,True
5796,True
5797,True
5798,False
5799,False
5800,True
5801,True
5802,True
5803,True
5804,True
5805,False
5806,False
5807,True
5808,False
5809,True
5810,True
5811,True
5812,True
5813,True
5814,True
5815,True
5816,True
5817,False
5818,True
5819,True
5820,False
5821,True
5822,True
5823,False
5824,True
5825,True
5826,True
5827,True
5828,True
5829,True
5830,False
5831,True
5832,True
5833,False
5834,True
5835,True
5836,True
5837,False
5838,False
5839,False
5840,True
5841,True
5842,True
5843,False
5844,True
5845,True
5846,True
5847,True
5848,True
5849,True
5850,True
5851,True
5852,False
5853,False
5854,True
5855,False
5856,True
5857,True
5858,False
5859,False
5860,True
5861,False
5862,True
5863,True
5864,True
5865,False
5866,False
5867,True
5868,True
5869,True
5870,True
5871,True
5872,False
5873,True
5874,False
5875,True
5876,True
5877,True
5878,False
5879,False
5880,True
5881,False
5882,True
5883,True
5884,True
5885,True
5886,False
5887,True
5888,True
5889,False
5890,True
5891,False
5892,False
5893,True
5894,False
5895,False
5896,True
5897,True
5898,True
5899,True
5900,True
5901,True
5902,True
5903,False
5904,True
5905,True
5906,True
5907,False
5908,False
5909,True
5910,True
5911,False
5912,True
5913,False
5914,True
5915,False
5916,True
5917,True
5918,True
5919,True
5920,True
5921,True
5922,True
5923,True
5924,False
5925,True
5926,False
5927,True
5928,True
5929,False
5930,True
5931,True
5932,True
5933,False
5934,True
5935,False
5936,True
5937,True
5938,False
5939,True
5940,True
5941,True
5942,True
5943,True
5944,False
5945,False
5946,True
5947,True
5948,True
5949,False
5950,True
5951,True
5952,True
5953,True
5954,True
5955,False
5956,False
5957,True
5958,True
5959,True
5960,True
5961,True
5962,False
5963,True
5964,True
5965,False
5966,False
5967,True
5968,False
5969,False
5970,True
5971,True
5972,True
5973,True
5974,True
5975,False
5976,False
5977,True
5978,True
5979,True
5980,False
5981,True
5982,True
5983,True
5984,False
5985,True
5986,False
5987,True
5988,True
5989,False
5990,False
5991,True
5992,True
5993,True
5994,True
5995,True
5996,True
5997,False
5998,True
5999,False
6000,False
6001,True
6002,True
6003,True
6004,True
6005,True
6006,True
6007,False
6008,True
6009,True
6010,True
6011,True
6012,True
6013,True
6014,True
6015,True
6016,True
6017,True
6018,True
6019,True
6020,True
6021,True
6022,True
6023,True
6024,False
6025,True
6026,True
6027,True
6028,True
6029,True
6030,False
6031,True
6032,True
6033,False
6034,True
6035,True
6036,True
6037,False
6038,True
6039,True
6040,True
6041,True
6042,True
6043,False
6044,False
6045,True
6046,True
6047,False
6048,True
6049,False
6050,False
6051,True
6052,True
6053,True
6054,False
6055,False
6056,False
6057,True
6058,True
6059,False
6060,False
6061,True
6062,True
6063,True
6064,True
6065,True
6066,True
6067,False
6068,True
6069,True
6070,False
6071,False
6072,True
6073,False
6074,False
6075,False
6076,True
6077,True
6078,True
6079,True
6080,False
6081,False
6082,True
6083,True
6084,False
6085,False
6086,True
6087,True
6088,True
6089,True
6090,True
6091,False
6092,True
6093,False
6094,True
6095,False
6096,True
6097,False
6098,False
6099,True
6100,True
6101,False
6102,True
6103,True
6104,True
6105,False
6106,True
6107,False
6108,True
6109,False
6110,True
6111,False
6112,True
6113,True
6114,True
6115,True
6116,True
6117,True
6118,False
6119,False
6120,True
6121,True
6122,False
6123,True
6124,False
6125,False
6126,True
6127,True
6128,True
6129,False
6130,True
6131,True
6132,True
6133,True
6134,True
6135,False
6136,True
6137,True
6138,True
6139,True
6140,True
6141,True
6142,True
6143,True
6144,True
6145,True
6146,False
6147,False
6148,True
6149,True
6150,False
6151,True
6152,True
6153,False
6154,True
6155,False
6156,True
6157,False
6158,True
6159,False
6160,True
6161,False
6162,True
6163,True
6164,False
6165,False
6166,True
6167,True
6168,True
6169,False
6170,True
6171,False
6172,True
6173,True
6174,False
6175,True
6176,True
6177,True
6178,True
6179,True
6180,True
6181,True
6182,True
6183,False
6184,True
